<?xml version="1.0" encoding="UTF-8"?>
<metadata xml:lang="es"><Esri><CreaDate>20200122</CreaDate><CreaTime>11370900</CreaTime><ArcGISFormat>1.0</ArcGISFormat><SyncOnce>TRUE</SyncOnce><DataProperties><lineage><Process ToolSource="c:\program files (x86)\arcgis\desktop10.5\ArcToolbox\Toolboxes\Data Management Tools.tbx\RegisterWithGeodatabase" Date="20170823" Time="085046">RegisterWithGeodatabase "Database Connections\10.210.100.26 (Topo20prod_esp).sde\topografica.topo20prod_esp.localidad20_esp_p_vw" identifica geometria POINT "GEOGCS['GCS_Mexico_ITRF2008',DATUM['D_Mexico_ITRF2008',SPHEROID['GRS_1980',6378137.0,298.257222101]],PRIMEM['Greenwich',0.0],UNIT['Degree',0.0174532925199433]];-400 -400 1000000000;-100000 10000;-100000 10000;8.98315284119521E-09;0.001;0.001;IsHighPrecision" "-98.631984635 18.988465996 -98.631984626 18.988466005"</Process><Process ToolSource="c:\program files (x86)\arcgis\desktop10.6\ArcToolbox\Toolboxes\Data Management Tools.tbx\ChangePrivileges" Date="20180411" Time="133252">ChangePrivileges C:\Users\maritza.sanchez\AppData\Roaming\ESRI\Desktop10.5\ArcCatalog\TOPOGRAFICA_topo20prod_esp.sde\topografica.topo20prod_esp.aerodromo20_esp_a_vw;C:\Users\maritza.sanchez\AppData\Roaming\ESRI\Desktop10.5\ArcCatalog\TOPOGRAFICA_topo20prod_esp.sde\topografica.topo20prod_esp.bordo20_esp_l_vw;C:\Users\maritza.sanchez\AppData\Roaming\ESRI\Desktop10.5\ArcCatalog\TOPOGRAFICA_topo20prod_esp.sde\topografica.topo20prod_esp.camino20_esp_l_vw;C:\Users\maritza.sanchez\AppData\Roaming\ESRI\Desktop10.5\ArcCatalog\TOPOGRAFICA_topo20prod_esp.sde\topografica.topo20prod_esp.carretera20_esp_l_vw;C:\Users\maritza.sanchez\AppData\Roaming\ESRI\Desktop10.5\ArcCatalog\TOPOGRAFICA_topo20prod_esp.sde\topografica.topo20prod_esp.corriente_ag20_esp_a_vw;C:\Users\maritza.sanchez\AppData\Roaming\ESRI\Desktop10.5\ArcCatalog\TOPOGRAFICA_topo20prod_esp.sde\topografica.topo20prod_esp.corriente_ag20_esp_l_vw;C:\Users\maritza.sanchez\AppData\Roaming\ESRI\Desktop10.5\ArcCatalog\TOPOGRAFICA_topo20prod_esp.sde\topografica.topo20prod_esp.cuerpo_agua20_esp_a_vw;C:\Users\maritza.sanchez\AppData\Roaming\ESRI\Desktop10.5\ArcCatalog\TOPOGRAFICA_topo20prod_esp.sde\topografica.topo20prod_esp.escuela20_esp_a_vw;C:\Users\maritza.sanchez\AppData\Roaming\ESRI\Desktop10.5\ArcCatalog\TOPOGRAFICA_topo20prod_esp.sde\topografica.topo20prod_esp.granja20_esp_a_vw;C:\Users\maritza.sanchez\AppData\Roaming\ESRI\Desktop10.5\ArcCatalog\TOPOGRAFICA_topo20prod_esp.sde\topografica.topo20prod_esp.ins_deportiv20_esp_a_vw;C:\Users\maritza.sanchez\AppData\Roaming\ESRI\Desktop10.5\ArcCatalog\TOPOGRAFICA_topo20prod_esp.sde\topografica.topo20prod_esp.ins_diversa20_esp_a_vw;C:\Users\maritza.sanchez\AppData\Roaming\ESRI\Desktop10.5\ArcCatalog\TOPOGRAFICA_topo20prod_esp.sde\topografica.topo20prod_esp.ins_industr20_esp_a_vw;C:\Users\maritza.sanchez\AppData\Roaming\ESRI\Desktop10.5\ArcCatalog\TOPOGRAFICA_topo20prod_esp.sde\topografica.topo20prod_esp.ins_servicio20_esp_a_vw;C:\Users\maritza.sanchez\AppData\Roaming\ESRI\Desktop10.5\ArcCatalog\TOPOGRAFICA_topo20prod_esp.sde\topografica.topo20prod_esp.ins_servicio20_esp_p_vw;C:\Users\maritza.sanchez\AppData\Roaming\ESRI\Desktop10.5\ArcCatalog\TOPOGRAFICA_topo20prod_esp.sde\topografica.topo20prod_esp.limite_int20_esp_l_vw;C:\Users\maritza.sanchez\AppData\Roaming\ESRI\Desktop10.5\ArcCatalog\TOPOGRAFICA_topo20prod_esp.sde\topografica.topo20prod_esp.localidad20_esp_a_vw;C:\Users\maritza.sanchez\AppData\Roaming\ESRI\Desktop10.5\ArcCatalog\TOPOGRAFICA_topo20prod_esp.sde\topografica.topo20prod_esp.localidad20_esp_p_vw;C:\Users\maritza.sanchez\AppData\Roaming\ESRI\Desktop10.5\ArcCatalog\TOPOGRAFICA_topo20prod_esp.sde\topografica.topo20prod_esp.planta_gener20_esp_a_vw;C:\Users\maritza.sanchez\AppData\Roaming\ESRI\Desktop10.5\ArcCatalog\TOPOGRAFICA_topo20prod_esp.sde\topografica.topo20prod_esp.planta_gener20_esp_p_vw;C:\Users\maritza.sanchez\AppData\Roaming\ESRI\Desktop10.5\ArcCatalog\TOPOGRAFICA_topo20prod_esp.sde\topografica.topo20prod_esp.plaza_cobro20_esp_a_vw;C:\Users\maritza.sanchez\AppData\Roaming\ESRI\Desktop10.5\ArcCatalog\TOPOGRAFICA_topo20prod_esp.sde\topografica.topo20prod_esp.plaza_cobro20_esp_p_vw;C:\Users\maritza.sanchez\AppData\Roaming\ESRI\Desktop10.5\ArcCatalog\TOPOGRAFICA_topo20prod_esp.sde\topografica.topo20prod_esp.presa20_esp_l_vw;C:\Users\maritza.sanchez\AppData\Roaming\ESRI\Desktop10.5\ArcCatalog\TOPOGRAFICA_topo20prod_esp.sde\topografica.topo20prod_esp.puente20_esp_l_vw;C:\Users\maritza.sanchez\AppData\Roaming\ESRI\Desktop10.5\ArcCatalog\TOPOGRAFICA_topo20prod_esp.sde\topografica.topo20prod_esp.rasgo_arqueo20_esp_a_vw;C:\Users\maritza.sanchez\AppData\Roaming\ESRI\Desktop10.5\ArcCatalog\TOPOGRAFICA_topo20prod_esp.sde\topografica.topo20prod_esp.rasgo_arqueo20_esp_p_vw;C:\Users\maritza.sanchez\AppData\Roaming\ESRI\Desktop10.5\ArcCatalog\TOPOGRAFICA_topo20prod_esp.sde\topografica.topo20prod_esp.referencia_g20_esp_p_vw;C:\Users\maritza.sanchez\AppData\Roaming\ESRI\Desktop10.5\ArcCatalog\TOPOGRAFICA_topo20prod_esp.sde\topografica.topo20prod_esp.tunel20_esp_l_vw;C:\Users\maritza.sanchez\AppData\Roaming\ESRI\Desktop10.5\ArcCatalog\TOPOGRAFICA_topo20prod_esp.sde\topografica.topo20prod_esp.vialidad20_esp_l_vw;C:\Users\maritza.sanchez\AppData\Roaming\ESRI\Desktop10.5\ArcCatalog\TOPOGRAFICA_topo20prod_esp.sde\topografica.topo20prod_esp.zona20_esp_a_vw datawarehouse AS_IS #</Process><Process ToolSource="c:\program files (x86)\arcgis\desktop10.7\ArcToolbox\Toolboxes\Data Management Tools.tbx\Project" Date="20200122" Time="113709">Project D:\Explotacion_Exportacion\Topo20_esp\Exportacion20_esp\VistaShp\localidad20_esp_p.shp D:\Explotacion_Exportacion\Topo20_esp\Exportacion20_esp\ShpIntegrar\localidad20_esp_p.shp PROJCS['MEXICO_ITRF_2008_UTM_Zone_13N',GEOGCS['ITRF_2008',DATUM['D_ITRF_2008',SPHEROID['GRS_1980',6378137.0,298.257222101]],PRIMEM['Greenwich',0.0],UNIT['Degree',0.0174532925199433]],PROJECTION['Transverse_Mercator'],PARAMETER['False_Easting',500000.0],PARAMETER['False_Northing',0.0],PARAMETER['Central_Meridian',-105.0],PARAMETER['Scale_Factor',0.9996],PARAMETER['Latitude_Of_Origin',0.0],UNIT['Meter',1.0]] # GEOGCS['GCS_ITRF_1992',DATUM['D_ITRF_1992',SPHEROID['GRS_1980',6378137.0,298.257222101]],PRIMEM['Greenwich',0.0],UNIT['Degree',0.0174532925199433]] NO_PRESERVE_SHAPE # NO_VERTICAL</Process></lineage></DataProperties></Esri></metadata>
